{
  "main": {
    "id": "98b24f2ec06a33d6",
    "type": "split",
    "children": [
      {
        "id": "16ad044afc0fa2e9",
        "type": "tabs",
        "children": [
          {
            "id": "4849474883969c65",
            "type": "leaf",
            "state": {
              "type": "markdown",
              "state": {
                "file": "Overview.md",
                "mode": "source",
                "source": false
              }
            }
          }
        ]
      }
    ],
    "direction": "vertical"
  },
  "left": {
    "id": "cdadd6e61644d13a",
    "type": "split",
    "children": [
      {
        "id": "209afbaabc4ba0c1",
        "type": "tabs",
        "children": [
          {
            "id": "ef9a117d9c15bb82",
            "type": "leaf",
            "state": {
              "type": "file-explorer",
              "state": {
                "sortOrder": "alphabetical"
              }
            }
          },
          {
            "id": "c5d26ea84caabbef",
            "type": "leaf",
            "state": {
              "type": "search",
              "state": {
                "query": "",
                "matchingCase": false,
                "explainSearch": false,
                "collapseAll": false,
                "extraContext": false,
                "sortOrder": "alphabetical"
              }
            }
          },
          {
            "id": "519c97a9856e584b",
            "type": "leaf",
            "state": {
              "type": "bookmarks",
              "state": {}
            }
          }
        ]
      }
    ],
    "direction": "horizontal",
    "width": 300
  },
  "right": {
    "id": "16468c3825955722",
    "type": "split",
    "children": [
      {
        "id": "8fbee9abb2ad6e3d",
        "type": "tabs",
        "children": [
          {
            "id": "0c7b54c2ab526089",
            "type": "leaf",
            "state": {
              "type": "backlink",
              "state": {
                "file": "Overview.md",
                "collapseAll": true,
                "extraContext": false,
                "sortOrder": "alphabetical",
                "showSearch": false,
                "searchQuery": "",
                "backlinkCollapsed": false,
                "unlinkedCollapsed": true
              }
            }
          },
          {
            "id": "cb52c98c844a5e84",
            "type": "leaf",
            "state": {
              "type": "outgoing-link",
              "state": {
                "file": "Overview.md",
                "linksCollapsed": false,
                "unlinkedCollapsed": true
              }
            }
          },
          {
            "id": "3a0ad5a146d1c139",
            "type": "leaf",
            "state": {
              "type": "tag",
              "state": {
                "sortOrder": "frequency",
                "useHierarchy": true
              }
            }
          },
          {
            "id": "5141e8564c1f3640",
            "type": "leaf",
            "state": {
              "type": "outline",
              "state": {
                "file": "Overview.md"
              }
            }
          },
          {
            "id": "61ea837148f840a0",
            "type": "leaf",
            "state": {
              "type": "calendar",
              "state": {}
            }
          }
        ],
        "currentTab": 3
      }
    ],
    "direction": "horizontal",
    "width": 300
  },
  "left-ribbon": {
    "hiddenItems": {
      "switcher:Open quick switcher": false,
      "graph:Open graph view": false,
      "canvas:Create new canvas": false,
      "daily-notes:Open today's daily note": false,
      "templates:Insert template": false,
      "command-palette:Open command palette": false,
      "vscode-editor:Create Code File": false,
      "table-editor-obsidian:Advanced Tables Toolbar": false,
      "periodic-notes:Open today": false,
      "templater-obsidian:Templater": false
    }
  },
  "active": "4849474883969c65",
  "lastOpenFiles": [
    "Templates/Daily.md",
    "scripts/weeklyScript.js",
    "scripts/monthlyScript.js",
    "scripts/dailyScript.js",
    "Periodic Notes/Daily/2024/08/2024-08-06.md",
    "Periodic Notes/Monthly/2024-08.md",
    "Periodic Notes/Weekly/2024/2024-W32.md",
    "Periodic Notes/Weekly/2024",
    "Overview.md",
    "Periodic Notes/Daily/2024/08",
    "Periodic Notes/Daily/2024",
    "Periodic Notes/Daily/2024/07/2024-07-16.md",
    "Periodic Notes/Daily/2024/07",
    "Periodic Notes/Daily",
    "Periodic Notes/Daily/2024/07/2024-07-09.md",
    "Periodic Notes/Daily/2024/07/2024-07-10.md",
    "Periodic Notes/Daily/2024/07/2024-07-11.md",
    "Periodic Notes/Daily/2024/07/2024-07-12.md",
    "Periodic Notes/Weekly/2024/2024-W28.md",
    "Periodic Notes/Daily/2024/07/2024-07-08.md",
    "Periodic Notes/Weekly/2024/2024-W27.md",
    "Periodic Notes/Daily/2024/07/2024-07-05.md",
    "Tasks.md",
    "Periodic Notes/Daily/2024/08/2024-08-14.md",
    "Periodic Notes/Daily/2024/08/2024-08-02.md",
    "Periodic Notes/Weekly/2024/2024-W31.md",
    "Periodic Notes/Monthly/2024-06.md",
    "Periodic Notes/Weekly/2024/2024-W26.md",
    "Projects/Something Project.md",
    "Periodic Notes/Daily/2024/07/2024-07-06.md",
    "Periodic Notes/Monthly/2024-07.md",
    "Periodic Notes/Daily/2024/07/2024-07-04.md",
    "Templates/Weekly.md",
    "Projects",
    "Templates"
  ]
}